"StartTime","EndTime","LowFreq","HighFreq","StartFile","EndFile","label","Type","SignalCode"
311.059280266,313.686396238,1034.1,1561.3,"AU-AWCL01-130930-053000.wav","AU-AWCL01-130930-053000.wav","y","i_neg","BN"
127.864886399,130.082083373,1172.2,1404.9,"AU-AWCL01-130930-103000.wav","AU-AWCL01-130930-103000.wav","y","i_neg","BN"
255.24560254,257.37291315,1290.8,1591.9,"AU-AWCL01-131003-132000.wav","AU-AWCL01-131003-132000.wav","y","i_neg","BN"
65.535416687,67.842500025,1268,1482.4,"AU-AWCL01-131010-151000.wav","AU-AWCL01-131010-151000.wav","y","i_neg","BN"
85.190568238,87.887159152,1268,1464.2,"AU-AWCL01-131010-151000.wav","AU-AWCL01-131010-151000.wav","y","i_neg","BN"
108.269659091,109.977500004,1331.9,1464.2,"AU-AWCL01-131010-151000.wav","AU-AWCL01-131010-151000.wav","y","i_neg","BN"
140.029507633,142.366553092,1318.2,1491.5,"AU-AWCL01-131010-151000.wav","AU-AWCL01-131010-151000.wav","y","i_neg","BN"
166.100232455,167.748149124,1336.4,1587.3,"AU-AWCL01-131010-151000.wav","AU-AWCL01-131010-151000.wav","y","i_neg","BN"
476.782792295,479.149799875,1208.7,1514.3,"AU-AWCL01-131010-151000.wav","AU-AWCL01-131010-151000.wav","y","i_neg","BN"
499.872462146,501.400530331,1176.8,1528,"AU-AWCL01-131010-151000.wav","AU-AWCL01-131010-151000.wav","y","i_neg","BN"
534.419141033,536.306754672,1272.6,1550.8,"AU-AWCL01-131010-151000.wav","AU-AWCL01-131010-151000.wav","y","i_neg","BN"
556.269431848,558.306856094,1222.4,1491.5,"AU-AWCL01-131010-151000.wav","AU-AWCL01-131010-151000.wav","y","i_neg","BN"
14.434166703,15.572727312,1350.1,1514.3,"AU-AWCL01-131010-152000.wav","AU-AWCL01-131010-152000.wav","y","i_neg","BN"
283.991208605,286.807648004,1331.9,1582.8,"AU-AWCL01-131010-152000.wav","AU-AWCL01-131010-152000.wav","y","i_neg","BN"
316.516363699,319.123068249,1240.7,1591.9,"AU-AWCL01-131010-152000.wav","AU-AWCL01-131010-152000.wav","y","i_neg","BN"
190.126856122,192.164280368,1295.4,1523.5,"AU-AWCL01-131024-145000.wav","AU-AWCL01-131024-145000.wav","y","i_neg","BN"
220.18712123,222.584090932,1122.1,1555.4,"AU-AWCL01-131024-145000.wav","AU-AWCL01-131024-145000.wav","y","i_neg","BN"
227.917348517,230.763750037,1026.3,1487,"AU-AWCL01-131024-145000.wav","AU-AWCL01-131024-145000.wav","y","i_neg","BN"
254.286808196,255.575179411,1313.6,1509.8,"AU-AWCL01-131024-145000.wav","AU-AWCL01-131024-145000.wav","y","i_neg","BN"
257.46279305,258.481505173,1286.3,1523.5,"AU-AWCL01-131024-145000.wav","AU-AWCL01-131024-145000.wav","y","i_neg","BN"
101.827462153,106.022159131,921.4,1678.5,"AU-AWCL01-131028-134000.wav","AU-AWCL01-131028-134000.wav","y","i_neg","BN"
329.360454554,330.648825768,1318.2,1487,"AU-AWCL01-131028-134000.wav","AU-AWCL01-131028-134000.wav","y","i_neg","BN"
425.804734913,427.722310674,1309.1,1532.6,"AU-AWCL01-131028-134000.wav","AU-AWCL01-131028-134000.wav","y","i_neg","BN"
477.857197031,479.684886428,1331.9,1601,"AU-AWCL01-131028-134000.wav","AU-AWCL01-131028-134000.wav","y","i_neg","BN"
508.726439413,510.404318204,1208.7,1537.1,"AU-AWCL01-131028-134000.wav","AU-AWCL01-131028-134000.wav","y","i_neg","BN"
549.173991536,551.121529419,1195,1518.9,"AU-AWCL01-131028-134000.wav","AU-AWCL01-131028-134000.wav","y","i_neg","BN"
571.565265187,573.213181856,1309.1,1509.8,"AU-AWCL01-131028-134000.wav","AU-AWCL01-131028-134000.wav","y","i_neg","BN"
596.37503296,597.903101144,1217.9,1414,"AU-AWCL01-131028-134000.wav","AU-AWCL01-131028-134000.wav","y","i_neg","BN"
22.029734877,24.516590942,1318.2,1491.5,"AU-AWCL01-131028-135000.wav","AU-AWCL01-131028-135000.wav","y","i_neg","BN"
62.8759585099999,65.3628145749999,1336.4,1632.9,"AU-AWCL01-131028-135000.wav","AU-AWCL01-131028-135000.wav","y","i_neg","BN"
89.123181871,91.430265208,1327.3,1564.5,"AU-AWCL01-131028-135000.wav","AU-AWCL01-131028-135000.wav","y","i_neg","BN"
115.663324925,117.610862808,1322.8,1623.8,"AU-AWCL01-131028-135000.wav","AU-AWCL01-131028-135000.wav","y","i_neg","BN"
142.464015203,144.441515206,1222.4,1550.8,"AU-AWCL01-131028-135000.wav","AU-AWCL01-131028-135000.wav","y","i_neg","BN"
166.456493121,168.79353858,1327.3,1550.8,"AU-AWCL01-131028-135000.wav","AU-AWCL01-131028-135000.wav","y","i_neg","BN"
194.007121259,196.044545505,1094.7,1537.1,"AU-AWCL01-131028-135000.wav","AU-AWCL01-131028-135000.wav","y","i_neg","BN"
219.874724157,221.612527191,1176.8,1509.8,"AU-AWCL01-131028-135000.wav","AU-AWCL01-131028-135000.wav","y","i_neg","BN"
254.089431876,256.815984911,1231.5,1582.8,"AU-AWCL01-131028-135000.wav","AU-AWCL01-131028-135000.wav","y","i_neg","BN"
290.261969723,292.838712152,1081,1651.2,"AU-AWCL01-131028-135000.wav","AU-AWCL01-131028-135000.wav","y","i_neg","BN"
316.001306551,318.967556557,1181.4,1578.2,"AU-AWCL01-131028-135000.wav","AU-AWCL01-131028-135000.wav","y","i_neg","BN"
343.572840934,345.760075786,1272.6,1528,"AU-AWCL01-131028-135000.wav","AU-AWCL01-131028-135000.wav","y","i_neg","BN"
354.568939438,357.115719746,1190.5,1559.9,"AU-AWCL01-131028-135000.wav","AU-AWCL01-131028-135000.wav","y","i_neg","BN"
382.872706569,384.520623238,1290.8,1555.4,"AU-AWCL01-131028-135000.wav","AU-AWCL01-131028-135000.wav","y","i_neg","BN"
407.100795496,409.258068227,1268,1569.1,"AU-AWCL01-131028-135000.wav","AU-AWCL01-131028-135000.wav","y","i_neg","BN"
427.527745983,430.07452629,1249.8,1601,"AU-AWCL01-131028-135000.wav","AU-AWCL01-131028-135000.wav","y","i_neg","BN"
450.31443184,452.801287905,1290.8,1610.1,"AU-AWCL01-131028-135000.wav","AU-AWCL01-131028-135000.wav","y","i_neg","BN"
474.523825823,477.340265222,1222.4,1591.9,"AU-AWCL01-131028-135000.wav","AU-AWCL01-131028-135000.wav","y","i_neg","BN"
505.782575782,507.760075786,1227,1550.8,"AU-AWCL01-131028-135000.wav","AU-AWCL01-131028-135000.wav","y","i_neg","BN"
530.261628857,532.119280375,1236.1,1550.8,"AU-AWCL01-131028-135000.wav","AU-AWCL01-131028-135000.wav","y","i_neg","BN"
554.089772742,556.846287898,1290.8,1559.9,"AU-AWCL01-131028-135000.wav","AU-AWCL01-131028-135000.wav","y","i_neg","BN"
592.875294462,595.062529315,1185.9,1541.7,"AU-AWCL01-131028-135000.wav","AU-AWCL01-131028-135000.wav","y","i_neg","BN"
19.3555303380001,22.1719697369999,1236.1,1500.7,"AU-AWCL01-131028-140000.wav","AU-AWCL01-131028-140000.wav","y","i_neg","BN"
39.3871705690001,42.083761483,1231.5,1532.6,"AU-AWCL01-131028-140000.wav","AU-AWCL01-131028-140000.wav","y","i_neg","BN"
62.838825774,64.996098505,1300,1528,"AU-AWCL01-131028-140000.wav","AU-AWCL01-131028-140000.wav","y","i_neg","BN"
84.471477328,87.0182576350001,1313.6,1541.7,"AU-AWCL01-131028-140000.wav","AU-AWCL01-131028-140000.wav","y","i_neg","BN"
125.827462153,128.284356097,1336.4,1528,"AU-AWCL01-131028-140000.wav","AU-AWCL01-131028-140000.wav","y","i_neg","BN"
152.531459544,154.808580761,1245.2,1546.3,"AU-AWCL01-131028-140000.wav","AU-AWCL01-131028-140000.wav","y","i_neg","BN"
168.531742436,170.718977288,1103.8,1528,"AU-AWCL01-131028-140000.wav","AU-AWCL01-131028-140000.wav","y","i_neg","BN"
194.598787938,196.965795518,1336.4,1532.6,"AU-AWCL01-131028-140000.wav","AU-AWCL01-131028-140000.wav","y","i_neg","BN"
222.951212134,225.318219714,1199.6,1537.1,"AU-AWCL01-131028-140000.wav","AU-AWCL01-131028-140000.wav","y","i_neg","BN"
250.126856122,252.763522794,1309.1,1523.5,"AU-AWCL01-131028-140000.wav","AU-AWCL01-131028-140000.wav","y","i_neg","BN"
278.778901531,281.505454566,1236.1,1523.5,"AU-AWCL01-131028-140000.wav","AU-AWCL01-131028-140000.wav","y","i_neg","BN"
307.422689461,309.100568252,1322.8,1578.2,"AU-AWCL01-131028-140000.wav","AU-AWCL01-131028-140000.wav","y","i_neg","BN"
333.138446986,334.936174262,1231.5,1559.9,"AU-AWCL01-131028-140000.wav","AU-AWCL01-131028-140000.wav","y","i_neg","BN"
343.025947004,344.943522765,1217.9,1541.7,"AU-AWCL01-131028-140000.wav","AU-AWCL01-131028-140000.wav","y","i_neg","BN"
365.774979389,368.171949091,1254.3,1605.6,"AU-AWCL01-131028-140000.wav","AU-AWCL01-131028-140000.wav","y","i_neg","BN"
386.119734863,388.247045473,1236.1,1564.5,"AU-AWCL01-131028-140000.wav","AU-AWCL01-131028-140000.wav","y","i_neg","BN"
415.302840976,417.190454616,1217.9,1564.5,"AU-AWCL01-131028-140000.wav","AU-AWCL01-131028-140000.wav","y","i_neg","BN"
427.12485998,429.162284227,1204.2,1559.9,"AU-AWCL01-131028-140000.wav","AU-AWCL01-131028-140000.wav","y","i_neg","BN"
457.947197016,459.804848535,1309.1,1655.7,"AU-AWCL01-131028-140000.wav","AU-AWCL01-131028-140000.wav","y","i_neg","BN"
492.082310617,494.239583348,1135.8,1559.9,"AU-AWCL01-131028-140000.wav","AU-AWCL01-131028-140000.wav","y","i_neg","BN"
502.988522758,505.17575761,1240.7,1550.8,"AU-AWCL01-131028-140000.wav","AU-AWCL01-131028-140000.wav","y","i_neg","BN"
528.816966126,531.423670676,1204.2,1537.1,"AU-AWCL01-131028-140000.wav","AU-AWCL01-131028-140000.wav","y","i_neg","BN"
552.374356083,554.801287905,1208.7,1591.9,"AU-AWCL01-131028-140000.wav","AU-AWCL01-131028-140000.wav","y","i_neg","BN"
576.523825823,578.860871282,1222.4,1573.6,"AU-AWCL01-131028-140000.wav","AU-AWCL01-131028-140000.wav","y","i_neg","BN"
4.8462878979999,6.94363638699997,1085.6,1541.7,"AU-AWCL01-131028-141000.wav","AU-AWCL01-131028-141000.wav","y","i_neg","BN"
15.4528788269999,17.2506061029999,1090.1,1528,"AU-AWCL01-131028-141000.wav","AU-AWCL01-131028-141000.wav","y","i_neg","BN"
46.708712227,48.8360228370002,1217.9,1591.9,"AU-AWCL01-131028-141000.wav","AU-AWCL01-131028-141000.wav","y","i_neg","BN"
57.318219714,59.8949621430002,1149.4,1646.6,"AU-AWCL01-131028-141000.wav","AU-AWCL01-131028-141000.wav","y","i_neg","BN"
82.9957576390002,85.482613704,1181.4,1559.9,"AU-AWCL01-131028-141000.wav","AU-AWCL01-131028-141000.wav","y","i_neg","BN"
94.383378387,95.6417874799999,1309.1,1601,"AU-AWCL01-131028-141000.wav","AU-AWCL01-131028-141000.wav","y","i_neg","BN"
121.894848521,123.482840948,1336.4,1555.4,"AU-AWCL01-131028-141000.wav","AU-AWCL01-131028-141000.wav","y","i_neg","BN"
147.306370146,148.714589846,1350.1,1559.9,"AU-AWCL01-131028-141000.wav","AU-AWCL01-131028-141000.wav","y","i_neg","BN"
156.654551981,158.062771681,1290.8,1528,"AU-AWCL01-131028-141000.wav","AU-AWCL01-131028-141000.wav","y","i_neg","BN"
181.228106106,182.576401563,1341,1518.9,"AU-AWCL01-131028-141000.wav","AU-AWCL01-131028-141000.wav","y","i_neg","BN"
191.325340973,192.643674308,1208.7,1541.7,"AU-AWCL01-131028-141000.wav","AU-AWCL01-131028-141000.wav","y","i_neg","BN"
214.164734856,216.172196981,1318.2,1546.3,"AU-AWCL01-131028-141000.wav","AU-AWCL01-131028-141000.wav","y","i_neg","BN"
225.580303058,226.958560637,1336.4,1514.3,"AU-AWCL01-131028-141000.wav","AU-AWCL01-131028-141000.wav","y","i_neg","BN"
249.63928467,251.796557401,1227,1523.5,"AU-AWCL01-131028-141000.wav","AU-AWCL01-131028-141000.wav","y","i_neg","BN"
260.575458932,261.953716511,1204.2,1532.6,"AU-AWCL01-131028-141000.wav","AU-AWCL01-131028-141000.wav","y","i_neg","BN"
313.489393289,315.736552384,1336.4,1546.3,"AU-AWCL01-131028-141000.wav","AU-AWCL01-131028-141000.wav","y","i_neg","BN"
340.771212162,342.628863681,1322.8,1541.7,"AU-AWCL01-131028-141000.wav","AU-AWCL01-131028-141000.wav","y","i_neg","BN"
351.557575818,353.445189458,1341,1455,"AU-AWCL01-131028-141000.wav","AU-AWCL01-131028-141000.wav","y","i_neg","BN"
383.056022747,384.793825781,1300,1532.6,"AU-AWCL01-131028-141000.wav","AU-AWCL01-131028-141000.wav","y","i_neg","BN"
387.999772756,389.048447,1322.8,1518.9,"AU-AWCL01-131028-141000.wav","AU-AWCL01-131028-141000.wav","y","i_neg","BN"
410.890833403,412.628636437,1286.3,1528,"AU-AWCL01-131028-141000.wav","AU-AWCL01-131028-141000.wav","y","i_neg","BN"
436.966136383,439.902424267,1208.7,1550.8,"AU-AWCL01-131028-141000.wav","AU-AWCL01-131028-141000.wav","y","i_neg","BN"
467.816615345,469.794115349,1240.7,1555.4,"AU-AWCL01-131028-141000.wav","AU-AWCL01-131028-141000.wav","y","i_neg","BN"
479.054140897,480.612171203,1331.9,1518.9,"AU-AWCL01-131028-141000.wav","AU-AWCL01-131028-141000.wav","y","i_neg","BN"
513.198030363,514.216742486,1331.9,1523.5,"AU-AWCL01-131028-141000.wav","AU-AWCL01-131028-141000.wav","y","i_neg","BN"
523.486110027,524.654632756,1126.6,1559.9,"AU-AWCL01-131028-141000.wav","AU-AWCL01-131028-141000.wav","y","i_neg","BN"
579.994649108,582.062035476,1094.7,1559.9,"AU-AWCL01-131028-141000.wav","AU-AWCL01-131028-141000.wav","y","i_neg","BN"
590.781012764,593.417679435,1040,1528,"AU-AWCL01-131028-141000.wav","AU-AWCL01-131028-141000.wav","y","i_neg","BN"
341.362878841,343.729886421,848.4,1514.3,"AU-AWCL01-131031-062000.wav","AU-AWCL01-131031-062000.wav","y","i_neg","BN"
367.423662957,370.150215992,1199.6,1546.3,"AU-AWCL01-131031-062000.wav","AU-AWCL01-131031-062000.wav","y","i_neg","BN"
399.767310667,401.175530366,1313.6,1528,"AU-AWCL01-131031-062000.wav","AU-AWCL01-131031-062000.wav","y","i_neg","BN"
427.370681831,430.037310624,1176.8,1569.1,"AU-AWCL01-131031-062000.wav","AU-AWCL01-131031-062000.wav","y","i_neg","BN"
451.370340966,453.257954605,1313.6,1578.2,"AU-AWCL01-131031-062000.wav","AU-AWCL01-131031-062000.wav","y","i_neg","BN"
477.454294691,479.401832573,1277.1,1537.1,"AU-AWCL01-131031-062000.wav","AU-AWCL01-131031-062000.wav","y","i_neg","BN"
202.935833396,206.381477342,1040,1623.8,"AU-AWCL01-131031-064000.wav","AU-AWCL01-131031-064000.wav","y","i_neg","BN"
237.550340937,240.726325791,1300,1614.7,"AU-AWCL01-131031-064000.wav","AU-AWCL01-131031-064000.wav","y","i_neg","BN"
266.295937128,269.531846225,1090.1,1628.4,"AU-AWCL01-131031-064000.wav","AU-AWCL01-131031-064000.wav","y","i_neg","BN"
294.067159123,296.314318218,1231.5,1582.8,"AU-AWCL01-131031-064000.wav","AU-AWCL01-131031-064000.wav","y","i_neg","BN"
317.296327219,319.513524193,1185.9,1459.6,"AU-AWCL01-131031-064000.wav","AU-AWCL01-131031-064000.wav","y","i_neg","BN"
351.333030341,355.048333378,1126.6,1550.8,"AU-AWCL01-131031-064000.wav","AU-AWCL01-131031-064000.wav","y","i_neg","BN"
381.334557673,384.3307698,1122.1,1573.6,"AU-AWCL01-131031-064000.wav","AU-AWCL01-131031-064000.wav","y","i_neg","BN"
407.730000043,410.396628835,1076.5,1528,"AU-AWCL01-131031-064000.wav","AU-AWCL01-131031-064000.wav","y","i_neg","BN"
436.819293301,439.036490274,1190.5,1546.3,"AU-AWCL01-131031-064000.wav","AU-AWCL01-131031-064000.wav","y","i_neg","BN"
462.089545498,464.546439442,1204.2,1555.4,"AU-AWCL01-131031-064000.wav","AU-AWCL01-131031-064000.wav","y","i_neg","BN"
486.936774673,489.363706495,1154,1619.2,"AU-AWCL01-131031-064000.wav","AU-AWCL01-131031-064000.wav","y","i_neg","BN"
510.007234881,512.673863674,1135.8,1514.3,"AU-AWCL01-131031-064000.wav","AU-AWCL01-131031-064000.wav","y","i_neg","BN"
534.804480518,537.560995675,1217.9,1541.7,"AU-AWCL01-131031-064000.wav","AU-AWCL01-131031-064000.wav","y","i_neg","BN"
567.752500039,570.598901559,967,1632.9,"AU-AWCL01-131031-064000.wav","AU-AWCL01-131031-064000.wav","y","i_neg","BN"
590.535702575,593.052520761,1021.7,1541.7,"AU-AWCL01-131031-064000.wav","AU-AWCL01-131031-064000.wav","y","i_neg","BN"
14.4417424500002,16.928598515,1035.4,1518.9,"AU-AWCL01-131031-065000.wav","AU-AWCL01-131031-065000.wav","y","i_neg","BN"
39.4601137069999,41.7971591659998,1071.9,1619.2,"AU-AWCL01-131031-065000.wav","AU-AWCL01-131031-065000.wav","y","i_neg","BN"
62.2096212269998,64.6665151709999,1112.9,1591.9,"AU-AWCL01-131031-065000.wav","AU-AWCL01-131031-065000.wav","y","i_neg","BN"
87.3478409690001,89.415227337,1149.4,1587.3,"AU-AWCL01-131031-065000.wav","AU-AWCL01-131031-065000.wav","y","i_neg","BN"
116.359431833,119.415568202,1071.9,1550.8,"AU-AWCL01-131031-065000.wav","AU-AWCL01-131031-065000.wav","y","i_neg","BN"
142.336590971,144.104356126,1222.4,1619.2,"AU-AWCL01-131031-065000.wav","AU-AWCL01-131031-065000.wav","y","i_neg","BN"
165.805189401,168.052348496,1090.1,1528,"AU-AWCL01-131031-065000.wav","AU-AWCL01-131031-065000.wav","y","i_neg","BN"
188.336704593,190.314204596,1195,1614.7,"AU-AWCL01-131031-065000.wav","AU-AWCL01-131031-065000.wav","y","i_neg","BN"
199.692348553,201.430151586,1318.2,1555.4,"AU-AWCL01-131031-065000.wav","AU-AWCL01-131031-065000.wav","y","i_neg","BN"
227.8350379,229.932386389,1035.4,1578.2,"AU-AWCL01-131031-065000.wav","AU-AWCL01-131031-065000.wav","y","i_neg","BN"
253.752272795,255.75973492,1026.3,1518.9,"AU-AWCL01-131031-065000.wav","AU-AWCL01-131031-065000.wav","y","i_neg","BN"
278.868787895,281.475492445,962.4,1678.5,"AU-AWCL01-131031-065000.wav","AU-AWCL01-131031-065000.wav","y","i_neg","BN"
302.029507633,303.857197031,944.2,1555.4,"AU-AWCL01-131031-065000.wav","AU-AWCL01-131031-065000.wav","y","i_neg","BN"
312.36162815,314.129393305,1040,1523.5,"AU-AWCL01-131031-065000.wav","AU-AWCL01-131031-065000.wav","y","i_neg","BN"
331.999886378,333.258295471,1167.7,1523.5,"AU-AWCL01-131031-065000.wav","AU-AWCL01-131031-065000.wav","y","i_neg","BN"
341.97727276,343.355530338,1176.8,1532.6,"AU-AWCL01-131031-065000.wav","AU-AWCL01-131031-065000.wav","y","i_neg","BN"
368.035473919,370.582254227,1135.8,1651.2,"AU-AWCL01-131031-065000.wav","AU-AWCL01-131031-065000.wav","y","i_neg","BN"
395.97727276,397.595227308,1122.1,1541.7,"AU-AWCL01-131031-065000.wav","AU-AWCL01-131031-065000.wav","y","i_neg","BN"
426.331659566,428.908401995,1290.8,1637.5,"AU-AWCL01-131031-065000.wav","AU-AWCL01-131031-065000.wav","y","i_neg","BN"
452.524053067,453.992197009,1286.3,1528,"AU-AWCL01-131031-065000.wav","AU-AWCL01-131031-065000.wav","y","i_neg","BN"
474.021325813,476.268484908,1290.8,1546.3,"AU-AWCL01-131031-065000.wav","AU-AWCL01-131031-065000.wav","y","i_neg","BN"
494.539204561,496.426818201,1240.7,1532.6,"AU-AWCL01-131031-065000.wav","AU-AWCL01-131031-065000.wav","y","i_neg","BN"
517.340378844,519.407765212,1158.6,1518.9,"AU-AWCL01-131031-065000.wav","AU-AWCL01-131031-065000.wav","y","i_neg","BN"
528.490672518,531.217225553,1099.3,1528,"AU-AWCL01-131031-065000.wav","AU-AWCL01-131031-065000.wav","y","i_neg","BN"
550.396856079,552.134659113,1108.4,1541.7,"AU-AWCL01-131031-065000.wav","AU-AWCL01-131031-065000.wav","y","i_neg","BN"
560.913560644,562.71128792,1021.7,1532.6,"AU-AWCL01-131031-065000.wav","AU-AWCL01-131031-065000.wav","y","i_neg","BN"
585.078382012,586.995957773,1199.6,1528,"AU-AWCL01-131031-065000.wav","AU-AWCL01-131031-065000.wav","y","i_neg","BN"
595.984594153,598.321639612,1172.2,1537.1,"AU-AWCL01-131031-065000.wav","AU-AWCL01-131031-065000.wav","y","i_neg","BN"
23.3628788409997,25.2205303589999,1135.8,1559.9,"AU-AWCL01-131031-070000.wav","AU-AWCL01-131031-070000.wav","y","i_neg","BN"
34.252640828,36.4698378020003,1076.5,1537.1,"AU-AWCL01-131031-070000.wav","AU-AWCL01-131031-070000.wav","y","i_neg","BN"
56.3893939549998,58.6365530490002,962.4,1541.7,"AU-AWCL01-131031-070000.wav","AU-AWCL01-131031-070000.wav","y","i_neg","BN"
79.4901894510003,82.5463258199998,1103.8,1582.8,"AU-AWCL01-131031-070000.wav","AU-AWCL01-131031-070000.wav","y","i_neg","BN"
101.1257405,103.882255657,1067.3,1564.5,"AU-AWCL01-131031-070000.wav","AU-AWCL01-131031-070000.wav","y","i_neg","BN"
132.231780358,135.827234909,1112.9,1614.7,"AU-AWCL01-131031-070000.wav","AU-AWCL01-131031-070000.wav","y","i_neg","BN"
159.505568188,162.6216288,1108.4,1532.6,"AU-AWCL01-131031-070000.wav","AU-AWCL01-131031-070000.wav","y","i_neg","BN"
186.05200763,188.329128846,1149.4,1528,"AU-AWCL01-131031-070000.wav","AU-AWCL01-131031-070000.wav","y","i_neg","BN"
209.844796409,212.751122172,1154,1546.3,"AU-AWCL01-131031-070000.wav","AU-AWCL01-131031-070000.wav","y","i_neg","BN"
234.658825802,237.20560611,1126.6,1555.4,"AU-AWCL01-131031-070000.wav","AU-AWCL01-131031-070000.wav","y","i_neg","BN"
252.929315331,255.026663819,1112.9,1619.2,"AU-AWCL01-131031-070000.wav","AU-AWCL01-131031-070000.wav","y","i_neg","BN"
276.913674266,279.070946997,1099.3,1541.7,"AU-AWCL01-131031-070000.wav","AU-AWCL01-131031-070000.wav","y","i_neg","BN"
298.995757639,301.242916734,1327.3,1541.7,"AU-AWCL01-131031-070000.wav","AU-AWCL01-131031-070000.wav","y","i_neg","BN"
319.138120475,321.295393207,1058.2,1546.3,"AU-AWCL01-131031-070000.wav","AU-AWCL01-131031-070000.wav","y","i_neg","BN"
340.261856101,342.748712166,1040,1546.3,"AU-AWCL01-131031-070000.wav","AU-AWCL01-131031-070000.wav","y","i_neg","BN"
365.242234194,366.860188742,1017.2,1491.5,"AU-AWCL01-131031-070000.wav","AU-AWCL01-131031-070000.wav","y","i_neg","BN"
375.595454552,377.902537889,1085.6,1578.2,"AU-AWCL01-131031-070000.wav","AU-AWCL01-131031-070000.wav","y","i_neg","BN"
398.995871261,401.57261369,1318.2,1555.4,"AU-AWCL01-131031-070000.wav","AU-AWCL01-131031-070000.wav","y","i_neg","BN"
420.280934258,423.337070627,1154,1331.9,"AU-AWCL01-131031-070000.wav","AU-AWCL01-131031-070000.wav","y","i_neg","BN"
452.699949468,455.786047958,1240.7,1546.3,"AU-AWCL01-131031-070000.wav","AU-AWCL01-131031-070000.wav","y","i_neg","BN"
479.404475548,482.250877068,1103.8,1537.1,"AU-AWCL01-131031-070000.wav","AU-AWCL01-131031-070000.wav","y","i_neg","BN"
503.613869531,506.819816507,1258.9,1559.9,"AU-AWCL01-131031-070000.wav","AU-AWCL01-131031-070000.wav","y","i_neg","BN"
527.645470452,530.072402274,1090.1,1546.3,"AU-AWCL01-131031-070000.wav","AU-AWCL01-131031-070000.wav","y","i_neg","BN"
552.819930128,555.127013466,1199.6,1564.5,"AU-AWCL01-131031-070000.wav","AU-AWCL01-131031-070000.wav","y","i_neg","BN"
563.995801361,565.613755909,1318.2,1555.4,"AU-AWCL01-131031-070000.wav","AU-AWCL01-131031-070000.wav","y","i_neg","BN"
583.170282386,585.327555117,1309.1,1559.9,"AU-AWCL01-131031-070000.wav","AU-AWCL01-131031-070000.wav","y","i_neg","BN"
117.366710436,119.58390741,1300,1532.6,"AU-AWCL01-131031-071000.wav","AU-AWCL01-131031-071000.wav","y","i_neg","BN"
137.757154352,140.483707387,1322.8,1546.3,"AU-AWCL01-131031-071000.wav","AU-AWCL01-131031-071000.wav","y","i_neg","BN"
148.60344225,151.090298315,1341,1559.9,"AU-AWCL01-131031-071000.wav","AU-AWCL01-131031-071000.wav","y","i_neg","BN"
171.306786194,172.355460438,1245.2,1550.8,"AU-AWCL01-131031-071000.wav","AU-AWCL01-131031-071000.wav","y","i_neg","BN"
182.422733183,183.77102864,1295.4,1436.8,"AU-AWCL01-131031-071000.wav","AU-AWCL01-131031-071000.wav","y","i_neg","BN"
213.321937687,215.089702842,1099.3,1537.1,"AU-AWCL01-131031-071000.wav","AU-AWCL01-131031-071000.wav","y","i_neg","BN"
224.497808919,225.93599074,1090.1,1546.3,"AU-AWCL01-131031-071000.wav","AU-AWCL01-131031-071000.wav","y","i_neg","BN"
269.359361933,270.70765739,1099.3,1569.1,"AU-AWCL01-131031-071000.wav","AU-AWCL01-131031-071000.wav","y","i_neg","BN"
298.279635705,300.706567528,1117.5,1528,"AU-AWCL01-131031-071000.wav","AU-AWCL01-131031-071000.wav","y","i_neg","BN"
309.26770393,311.544825146,1012.6,1537.1,"AU-AWCL01-131031-071000.wav","AU-AWCL01-131031-071000.wav","y","i_neg","BN"
328.572771034,330.160763461,1071.9,1550.8,"AU-AWCL01-131031-071000.wav","AU-AWCL01-131031-071000.wav","y","i_neg","BN"
339.089475598,341.066975601,1071.9,1537.1,"AU-AWCL01-131031-071000.wav","AU-AWCL01-131031-071000.wav","y","i_neg","BN"
358.38543476,359.703768095,1094.7,1532.6,"AU-AWCL01-131031-071000.wav","AU-AWCL01-131031-071000.wav","y","i_neg","BN"
368.76023313,369.95871798,1058.2,1537.1,"AU-AWCL01-131031-071000.wav","AU-AWCL01-131031-071000.wav","y","i_neg","BN"
388.41538468,390.153187714,1199.6,1459.6,"AU-AWCL01-131031-071000.wav","AU-AWCL01-131031-071000.wav","y","i_neg","BN"
393.239286204,395.726142269,1318.2,1518.9,"AU-AWCL01-131031-071000.wav","AU-AWCL01-131031-071000.wav","y","i_neg","BN"
408.746716127,411.203610071,1236.1,1514.3,"AU-AWCL01-131031-071000.wav","AU-AWCL01-131031-071000.wav","y","i_neg","BN"
431.838755873,434.265687696,1181.4,1541.7,"AU-AWCL01-131031-071000.wav","AU-AWCL01-131031-071000.wav","y","i_neg","BN"
442.894778621,444.512733169,1281.7,1532.6,"AU-AWCL01-131031-071000.wav","AU-AWCL01-131031-071000.wav","y","i_neg","BN"
466.597681036,468.215635584,1281.7,1528,"AU-AWCL01-131031-071000.wav","AU-AWCL01-131031-071000.wav","y","i_neg","BN"
488.535346787,489.823718002,1318.2,1436.8,"AU-AWCL01-131031-071000.wav","AU-AWCL01-131031-071000.wav","y","i_neg","BN"
527.074487083,529.351608299,1263.5,1523.5,"AU-AWCL01-131031-071000.wav","AU-AWCL01-131031-071000.wav","y","i_neg","BN"
556.108187721,558.984551363,1076.5,1596.4,"AU-AWCL01-131031-071000.wav","AU-AWCL01-131031-071000.wav","y","i_neg","BN"
580.573480129,583.180184679,1122.1,1578.2,"AU-AWCL01-131031-071000.wav","AU-AWCL01-131031-071000.wav","y","i_neg","BN"
591.6215589,593.958604359,1199.6,1564.5,"AU-AWCL01-131031-071000.wav","AU-AWCL01-131031-071000.wav","y","i_neg","BN"
599.951028612,1.14951346199996,1327.3,1578.2,"AU-AWCL01-131031-071000.wav","AU-AWCL01-131031-110000.wav","y","i_neg","BN"
22.5086144349998,23.9168341340001,1140.3,1555.4,"AU-AWCL01-131031-110000.wav","AU-AWCL01-131031-110000.wav","y","i_neg","BN"
33.6986694030002,34.8372300110004,1190.5,1500.7,"AU-AWCL01-131031-110000.wav","AU-AWCL01-131031-110000.wav","y","i_neg","BN"
36.7228088840002,38.041142219,953.3,1505.2,"AU-AWCL01-131031-110000.wav","AU-AWCL01-131031-110000.wav","y","i_neg","BN"
63.5988316590001,66.3853089370004,1085.6,1541.7,"AU-AWCL01-131031-110000.wav","AU-AWCL01-131031-110000.wav","y","i_neg","BN"
89.1048543349998,91.6516346429999,1049.1,1541.7,"AU-AWCL01-131031-110000.wav","AU-AWCL01-131031-110000.wav","y","i_neg","BN"
100.070990719,101.629021025,1076.5,1564.5,"AU-AWCL01-131031-110000.wav","AU-AWCL01-131031-110000.wav","y","i_neg","BN"
125.410949269,126.998941696,1231.5,1541.7,"AU-AWCL01-131031-110000.wav","AU-AWCL01-131031-110000.wav","y","i_neg","BN"
162.340536188,164.887316496,1231.5,1555.4,"AU-AWCL01-131031-110000.wav","AU-AWCL01-131031-110000.wav","y","i_neg","BN"
210.22826345,213.254437698,1140.3,1532.6,"AU-AWCL01-131031-110000.wav","AU-AWCL01-131031-110000.wav","y","i_neg","BN"
238.020093089,240.506949154,1067.3,1537.1,"AU-AWCL01-131031-110000.wav","AU-AWCL01-131031-110000.wav","y","i_neg","BN"
264.677695269,266.715119515,1167.7,1559.9,"AU-AWCL01-131031-110000.wav","AU-AWCL01-131031-110000.wav","y","i_neg","BN"
288.81241451,290.849838756,1222.4,1537.1,"AU-AWCL01-131031-110000.wav","AU-AWCL01-131031-110000.wav","y","i_neg","BN"
314.2133392,316.011066476,1149.4,1532.6,"AU-AWCL01-131031-110000.wav","AU-AWCL01-131031-110000.wav","y","i_neg","BN"
317.599058903,319.097164967,1195,1546.3,"AU-AWCL01-131031-110000.wav","AU-AWCL01-131031-110000.wav","y","i_neg","BN"
346.018431489,348.565211796,1112.9,1550.8,"AU-AWCL01-131031-110000.wav","AU-AWCL01-131031-110000.wav","y","i_neg","BN"
374.235725575,376.932316489,1122.1,1559.9,"AU-AWCL01-131031-110000.wav","AU-AWCL01-131031-110000.wav","y","i_neg","BN"
398.341364471,400.228978111,1195,1559.9,"AU-AWCL01-131031-110000.wav","AU-AWCL01-131031-110000.wav","y","i_neg","BN"
420.954930107,423.112202838,1163.1,1546.3,"AU-AWCL01-131031-110000.wav","AU-AWCL01-131031-110000.wav","y","i_neg","BN"
448.452091385,451.118720178,976.1,1559.9,"AU-AWCL01-131031-110000.wav","AU-AWCL01-131031-110000.wav","y","i_neg","BN"
473.277051316,474.984892228,1058.2,1537.1,"AU-AWCL01-131031-110000.wav","AU-AWCL01-131031-110000.wav","y","i_neg","BN"
494.250536202,496.857240753,1071.9,1569.1,"AU-AWCL01-131031-110000.wav","AU-AWCL01-131031-110000.wav","y","i_neg","BN"
522.932543733,525.928755859,1090.1,1546.3,"AU-AWCL01-131031-110000.wav","AU-AWCL01-131031-110000.wav","y","i_neg","BN"
551.396558935,553.883415,1058.2,1555.4,"AU-AWCL01-131031-110000.wav","AU-AWCL01-131031-110000.wav","y","i_neg","BN"
579.299551313,581.516748286,1149.4,1541.7,"AU-AWCL01-131031-110000.wav","AU-AWCL01-131031-110000.wav","y","i_neg","BN"
6.295422573,8.87216500199975,1085.6,1541.7,"AU-AWCL01-131031-111000.wav","AU-AWCL01-131031-111000.wav","y","i_neg","BN"
34.2283770719996,36.8650437429997,1144.9,1555.4,"AU-AWCL01-131031-111000.wav","AU-AWCL01-131031-111000.wav","y","i_neg","BN"
62.0631877280002,64.190498338,1140.3,1541.7,"AU-AWCL01-131031-111000.wav","AU-AWCL01-131031-111000.wav","y","i_neg","BN"
84.9025816109997,86.7901952510001,1090.1,1541.7,"AU-AWCL01-131031-111000.wav","AU-AWCL01-131031-111000.wav","y","i_neg","BN"
91.1646649559998,92.8725058680002,1336.4,1455,"AU-AWCL01-131031-111000.wav","AU-AWCL01-131031-111000.wav","y","i_neg","BN"
106.085801346,109.171899837,1135.8,1546.3,"AU-AWCL01-131031-111000.wav","AU-AWCL01-131031-111000.wav","y","i_neg","BN"
136.140601941,137.788518611,1067.3,1546.3,"AU-AWCL01-131031-111000.wav","AU-AWCL01-131031-111000.wav","y","i_neg","BN"
139.35201343,141.23962707,1331.9,1555.4,"AU-AWCL01-131031-111000.wav","AU-AWCL01-131031-111000.wav","y","i_neg","BN"
163.501483171,166.647505904,1040,1555.4,"AU-AWCL01-131031-111000.wav","AU-AWCL01-131031-111000.wav","y","i_neg","BN"
190.828140659,192.74571642,1199.6,1537.1,"AU-AWCL01-131031-111000.wav","AU-AWCL01-131031-111000.wav","y","i_neg","BN"
215.044589227,217.771142262,1026.3,1528,"AU-AWCL01-131031-111000.wav","AU-AWCL01-131031-111000.wav","y","i_neg","BN"
237.967626662,240.544369091,1076.5,1582.8,"AU-AWCL01-131031-111000.wav","AU-AWCL01-131031-111000.wav","y","i_neg","BN"
265.56898316,267.876066498,1140.3,1546.3,"AU-AWCL01-131031-111000.wav","AU-AWCL01-131031-111000.wav","y","i_neg","BN"
294.629267602,296.217260029,1112.9,1546.3,"AU-AWCL01-131031-111000.wav","AU-AWCL01-131031-111000.wav","y","i_neg","BN"
304.737733133,307.25455132,1094.7,1555.4,"AU-AWCL01-131031-111000.wav","AU-AWCL01-131031-111000.wav","y","i_neg","BN"
336.611945547,338.859104642,1135.8,1559.9,"AU-AWCL01-131031-111000.wav","AU-AWCL01-131031-111000.wav","y","i_neg","BN"
364.790081629,367.336861937,1112.9,1578.2,"AU-AWCL01-131031-111000.wav","AU-AWCL01-131031-111000.wav","y","i_neg","BN"
394.785807808,397.482398722,1112.9,1555.4,"AU-AWCL01-131031-111000.wav","AU-AWCL01-131031-111000.wav","y","i_neg","BN"
456.124937447,459.091187453,1290.8,1550.8,"AU-AWCL01-131031-111000.wav","AU-AWCL01-131031-111000.wav","y","i_neg","BN"
483.906028619,486.512733169,1245.2,1537.1,"AU-AWCL01-131031-111000.wav","AU-AWCL01-131031-111000.wav","y","i_neg","BN"
515.91383161,518.28083919,1354.7,1532.6,"AU-AWCL01-131031-111000.wav","AU-AWCL01-131031-111000.wav","y","i_neg","BN"
567.905187582,570.991286072,1117.5,1550.8,"AU-AWCL01-131031-111000.wav","AU-AWCL01-131031-111000.wav","y","i_neg","BN"
598.585730433,0.203684981000151,1319.5,1553.2,"AU-AWCL01-131031-111000.wav","AU-AWCL01-131031-112000.wav","y","i_neg","BN"
29.6034584600002,31.7607311909996,1209.6,1640.2,"AU-AWCL01-131031-112000.wav","AU-AWCL01-131031-112000.wav","y","i_neg","BN"
61.51444257,63.8215259070003,1209.6,1566.9,"AU-AWCL01-131031-112000.wav","AU-AWCL01-131031-112000.wav","y","i_neg","BN"
90.547171313,92.9141788930001,1182.1,1553.2,"AU-AWCL01-131031-112000.wav","AU-AWCL01-131031-112000.wav","y","i_neg","BN"
114.945162266,116.682965299,1195.8,1576.1,"AU-AWCL01-131031-112000.wav","AU-AWCL01-131031-112000.wav","y","i_neg","BN"
145.69832406,148.125255882,1140.8,1544,"AU-AWCL01-131031-112000.wav","AU-AWCL01-131031-112000.wav","y","i_neg","BN"
170.593078936,173.020010758,1287.4,1447.8,"AU-AWCL01-131031-112000.wav","AU-AWCL01-131031-112000.wav","y","i_neg","BN"
174.877662277,177.244669857,1310.4,1539.4,"AU-AWCL01-131031-112000.wav","AU-AWCL01-131031-112000.wav","y","i_neg","BN"
213.087624369,215.694328919,1136.3,1576.1,"AU-AWCL01-131031-112000.wav","AU-AWCL01-131031-112000.wav","y","i_neg","BN"
240.502965328,242.750124423,1246.2,1553.2,"AU-AWCL01-131031-112000.wav","AU-AWCL01-131031-112000.wav","y","i_neg","BN"
269.125048615,271.641866802,1269.1,1562.3,"AU-AWCL01-131031-112000.wav","AU-AWCL01-131031-112000.wav","y","i_neg","BN"
279.851488029,282.637965306,1301.2,1516.5,"AU-AWCL01-131031-112000.wav","AU-AWCL01-131031-112000.wav","y","i_neg","BN"
299.806260792,301.304366855,1122.5,1617.3,"AU-AWCL01-131031-112000.wav","AU-AWCL01-131031-112000.wav","y","i_neg","BN"
302.862397161,303.911071405,1108.8,1516.5,"AU-AWCL01-131031-112000.wav","AU-AWCL01-131031-112000.wav","y","i_neg","BN"
313.676599579,315.444364733,1310.4,1457,"AU-AWCL01-131031-112000.wav","AU-AWCL01-131031-112000.wav","y","i_neg","BN"
350.390578968,352.877435033,1301.2,1548.6,"AU-AWCL01-131031-112000.wav","AU-AWCL01-131031-112000.wav","y","i_neg","BN"
381.169934986,383.776639536,1319.5,1548.6,"AU-AWCL01-131031-112000.wav","AU-AWCL01-131031-112000.wav","y","i_neg","BN"
414.550566043,417.037422108,1012.5,1557.8,"AU-AWCL01-131031-112000.wav","AU-AWCL01-131031-112000.wav","y","i_neg","BN"
432.593192557,435.25982135,1292,1534.9,"AU-AWCL01-131031-112000.wav","AU-AWCL01-131031-112000.wav","y","i_neg","BN"
447.394480463,449.971222892,1163.7,1544,"AU-AWCL01-131031-112000.wav","AU-AWCL01-131031-112000.wav","y","i_neg","BN"
470.867731618,473.53436041,1260,1553.2,"AU-AWCL01-131031-112000.wav","AU-AWCL01-131031-112000.wav","y","i_neg","BN"
479.406936178,481.983678607,1282.9,1571.5,"AU-AWCL01-131031-112000.wav","AU-AWCL01-131031-112000.wav","y","i_neg","BN"
509.36440472,511.881222906,1108.8,1553.2,"AU-AWCL01-131031-112000.wav","AU-AWCL01-131031-112000.wav","y","i_neg","BN"
537.940307368,539.498337674,1136.3,1534.9,"AU-AWCL01-131031-112000.wav","AU-AWCL01-131031-112000.wav","y","i_neg","BN"
548.832775906,550.330881969,1085.9,1534.9,"AU-AWCL01-131031-112000.wav","AU-AWCL01-131031-112000.wav","y","i_neg","BN"
574.906753924,577.63330696,1131.7,1553.2,"AU-AWCL01-131031-112000.wav","AU-AWCL01-131031-112000.wav","y","i_neg","BN"
7.5967531870001,8.97501076499975,1287.4,1525.7,"AU-AWCL01-131031-113000.wav","AU-AWCL01-131031-113000.wav","y","i_neg","BN"
35.3287285859997,37.3062285899996,1319.5,1521.1,"AU-AWCL01-131031-113000.wav","AU-AWCL01-131031-113000.wav","y","i_neg","BN"
63.6341774330003,65.9412607710001,1319.5,1553.2,"AU-AWCL01-131031-113000.wav","AU-AWCL01-131031-113000.wav","y","i_neg","BN"
115.626715308,117.184745614,1319.5,1539.4,"AU-AWCL01-131031-113000.wav","AU-AWCL01-131031-113000.wav","y","i_neg","BN"
143.764826497,145.382781045,1122.5,1562.3,"AU-AWCL01-131031-113000.wav","AU-AWCL01-131031-113000.wav","y","i_neg","BN"
147.270394685,148.888349233,1246.2,1457,"AU-AWCL01-131031-113000.wav","AU-AWCL01-131031-113000.wav","y","i_neg","BN"
169.8963744,171.843912282,1223.3,1621.9,"AU-AWCL01-131031-113000.wav","AU-AWCL01-131031-113000.wav","y","i_neg","BN"
197.363678561,199.311216443,1127.1,1580.7,"AU-AWCL01-131031-113000.wav","AU-AWCL01-131031-113000.wav","y","i_neg","BN"
234.443041085,236.869972908,1269.1,1553.2,"AU-AWCL01-131031-113000.wav","AU-AWCL01-131031-113000.wav","y","i_neg","BN"
341.094745628,343.881222906,1159.2,1566.9,"AU-AWCL01-131031-113000.wav","AU-AWCL01-131031-113000.wav","y","i_neg","BN"
373.761715287,376.338457716,1113.3,1553.2,"AU-AWCL01-131031-113000.wav","AU-AWCL01-131031-113000.wav","y","i_neg","BN"
406.206836129,409.05323765,1131.7,1594.4,"AU-AWCL01-131031-113000.wav","AU-AWCL01-131031-113000.wav","y","i_neg","BN"
453.918647152,455.98603352,1182.1,1544,"AU-AWCL01-131031-113000.wav","AU-AWCL01-131031-113000.wav","y","i_neg","BN"
510.22573049,513.221942616,1314.9,1571.5,"AU-AWCL01-131031-113000.wav","AU-AWCL01-131031-113000.wav","y","i_neg","BN"
541.99383651,544.570578939,1246.2,1521.1,"AU-AWCL01-131031-113000.wav","AU-AWCL01-131031-113000.wav","y","i_neg","BN"
590.960200137,593.38713196,1324.1,1525.7,"AU-AWCL01-131031-113000.wav","AU-AWCL01-131031-113000.wav","y","i_neg","BN"
593.716715294,594.765389538,1337.8,1521.1,"AU-AWCL01-131031-113000.wav","AU-AWCL01-131031-113000.wav","y","i_neg","BN"
15.2894426060002,17.2070183670003,1200.4,1534.9,"AU-AWCL01-131031-114000.wav","AU-AWCL01-131031-114000.wav","y","i_neg","BN"
44.4508440760001,46.3684198370001,1328.7,1571.5,"AU-AWCL01-131031-114000.wav","AU-AWCL01-131031-114000.wav","y","i_neg","BN"
68.4505032099996,70.607775941,1214.1,1498.2,"AU-AWCL01-131031-114000.wav","AU-AWCL01-131031-114000.wav","y","i_neg","BN"
91.2612294950004,92.7892976800003,1205,1516.5,"AU-AWCL01-131031-114000.wav","AU-AWCL01-131031-114000.wav","y","i_neg","BN"
117.207131989,119.244556235,1191.2,1576.1,"AU-AWCL01-131031-114000.wav","AU-AWCL01-131031-114000.wav","y","i_neg","BN"
147.028921594,149.216156447,1104.2,1544,"AU-AWCL01-131031-114000.wav","AU-AWCL01-131031-114000.wav","y","i_neg","BN"
203.814177405,205.671828923,1227.9,1544,"AU-AWCL01-131031-114000.wav","AU-AWCL01-131031-114000.wav","y","i_neg","BN"
268.720389545,270.967548639999,1260,1544,"AU-AWCL01-131031-114000.wav","AU-AWCL01-131031-114000.wav","y","i_neg","BN"
295.320420315,297.417768804,1314.9,1534.9,"AU-AWCL01-131031-114000.wav","AU-AWCL01-131031-114000.wav","y","i_neg","BN"
320.053760753,322.061222877999,1314.9,1544,"AU-AWCL01-131031-114000.wav","AU-AWCL01-131031-114000.wav","y","i_neg","BN"
326.945048644,328.98247289,1314.9,1447.8,"AU-AWCL01-131031-114000.wav","AU-AWCL01-131031-114000.wav","y","i_neg","BN"
350.876787494,353.543416287001,1333.3,1557.8,"AU-AWCL01-131031-114000.wav","AU-AWCL01-131031-114000.wav","y","i_neg","BN"
359.985272358999,362.172507212001,1314.9,1447.8,"AU-AWCL01-131031-114000.wav","AU-AWCL01-131031-114000.wav","y","i_neg","BN"
379.506866823,381.424442584001,1333.3,1544,"AU-AWCL01-131031-114000.wav","AU-AWCL01-131031-114000.wav","y","i_neg","BN"
395.027245638999,397.603988068,1314.9,1438.6,"AU-AWCL01-131031-114000.wav","AU-AWCL01-131031-114000.wav","y","i_neg","BN"
403.330396022,404.558842992999,1337.8,1548.6,"AU-AWCL01-131031-114000.wav","AU-AWCL01-131031-114000.wav","y","i_neg","BN"
429.731639543999,431.799025910999,1356.2,1539.4,"AU-AWCL01-131031-114000.wav","AU-AWCL01-131031-114000.wav","y","i_neg","BN"
441.057321382001,442.345692597,1292,1585.3,"AU-AWCL01-131031-114000.wav","AU-AWCL01-131031-114000.wav","y","i_neg","BN"
491.581715315,493.049859257,1319.5,1452.4,"AU-AWCL01-131031-114000.wav","AU-AWCL01-131031-114000.wav","y","i_neg","BN"
501.469215333,503.626488063999,1319.5,1544,"AU-AWCL01-131031-114000.wav","AU-AWCL01-131031-114000.wav","y","i_neg","BN"
518.21422116,520.401456011999,1337.8,1553.2,"AU-AWCL01-131031-114000.wav","AU-AWCL01-131031-114000.wav","y","i_neg","BN"
528.832889527999,530.061336499,1314.9,1539.4,"AU-AWCL01-131031-114000.wav","AU-AWCL01-131031-114000.wav","y","i_neg","BN"
538.480692575,539.918874396,1214.1,1544,"AU-AWCL01-131031-114000.wav","AU-AWCL01-131031-114000.wav","y","i_neg","BN"
31.8654281830004,34.1425493989991,1314.9,1566.9,"AU-AWCL01-131031-115000.wav","AU-AWCL01-131031-115000.wav","y","i_neg","BN"
58.0536471310006,60.0910713770008,1314.9,1544,"AU-AWCL01-131031-115000.wav","AU-AWCL01-131031-115000.wav","y","i_neg","BN"
87.1522077999998,89.2795184099996,1360.8,1539.4,"AU-AWCL01-131031-115000.wav","AU-AWCL01-131031-115000.wav","y","i_neg","BN"
168.390692589999,170.038609259,1172.9,1443.2,"AU-AWCL01-131031-115000.wav","AU-AWCL01-131031-115000.wav","y","i_neg","BN"
198.321575149001,200.808431215,1328.7,1571.5,"AU-AWCL01-131031-115000.wav","AU-AWCL01-131031-115000.wav","y","i_neg","BN"
228.16531595,230.232702317,1342.4,1566.9,"AU-AWCL01-131031-115000.wav","AU-AWCL01-131031-115000.wav","y","i_neg","BN"
261.709253169,263.956412264,1159.2,1553.2,"AU-AWCL01-131031-115000.wav","AU-AWCL01-131031-115000.wav","y","i_neg","BN"
286.068457758,288.015995641001,1314.9,1571.5,"AU-AWCL01-131031-115000.wav","AU-AWCL01-131031-115000.wav","y","i_neg","BN"
296.940036464001,299.606665256,1292,1553.2,"AU-AWCL01-131031-115000.wav","AU-AWCL01-131031-115000.wav","y","i_neg","BN"
347.679224628,351.334603421999,1319.5,1447.8,"AU-AWCL01-131031-115000.wav","AU-AWCL01-131031-115000.wav","y","i_neg","BN"
378.398268335999,381.064897128999,1310.4,1516.5,"AU-AWCL01-131031-115000.wav","AU-AWCL01-131031-115000.wav","y","i_neg","BN"
386.458078957001,389.514215326,1301.2,1457,"AU-AWCL01-131031-115000.wav","AU-AWCL01-131031-115000.wav","y","i_neg","BN"
426.016336507,427.844025904,1214.1,1548.6,"AU-AWCL01-131031-115000.wav","AU-AWCL01-131031-115000.wav","y","i_neg","BN"
456.612119937001,459.308710851001,1328.7,1530.3,"AU-AWCL01-131031-115000.wav","AU-AWCL01-131031-115000.wav","y","i_neg","BN"
469.825415415,472.851589663,1347,1530.3,"AU-AWCL01-131031-115000.wav","AU-AWCL01-131031-115000.wav","y","i_neg","BN"
489.064897128999,491.611677437,1342.4,1539.4,"AU-AWCL01-131031-115000.wav","AU-AWCL01-131031-115000.wav","y","i_neg","BN"
517.477722211999,519.575070700999,1347,1516.5,"AU-AWCL01-131031-115000.wav","AU-AWCL01-131031-115000.wav","y","i_neg","BN"
550.285768354001,552.323192600001,1333.3,1544,"AU-AWCL01-131031-115000.wav","AU-AWCL01-131031-115000.wav","y","i_neg","BN"
559.633950189,561.911071405,1351.6,1534.9,"AU-AWCL01-131031-115000.wav","AU-AWCL01-131031-115000.wav","y","i_neg","BN"
580.405957704999,583.012662255,1351.6,1576.1,"AU-AWCL01-131031-115000.wav","AU-AWCL01-131031-115000.wav","y","i_neg","BN"
592.211033484,595.087397125,1333.3,1521.1,"AU-AWCL01-131031-115000.wav","AU-AWCL01-131031-115000.wav","y","i_neg","BN"
8.98982139299915,10.4280032139995,1264.5,1534.9,"AU-AWCL01-131031-120000.wav","AU-AWCL01-131031-120000.wav","y","i_neg","BN"
29.8437758590007,31.9111622269993,1319.5,1461.5,"AU-AWCL01-131031-120000.wav","AU-AWCL01-131031-120000.wav","y","i_neg","BN"
35.0950864940005,37.1325107400007,1351.6,1539.4,"AU-AWCL01-131031-120000.wav","AU-AWCL01-131031-120000.wav","y","i_neg","BN"
60.7726244189998,62.6302759379996,1333.3,1548.6,"AU-AWCL01-131031-120000.wav","AU-AWCL01-131031-120000.wav","y","i_neg","BN"
62.9898213929991,64.607775941,1314.9,1534.9,"AU-AWCL01-131031-120000.wav","AU-AWCL01-131031-120000.wav","y","i_neg","BN"
89.1250486150002,91.252359225,1342.4,1539.4,"AU-AWCL01-131031-120000.wav","AU-AWCL01-131031-120000.wav","y","i_neg","BN"
114.952397147001,117.379328969,1273.7,1521.1,"AU-AWCL01-131031-120000.wav","AU-AWCL01-131031-120000.wav","y","i_neg","BN"
161.791450164001,163.379442591,1305.8,1530.3,"AU-AWCL01-131031-120000.wav","AU-AWCL01-131031-120000.wav","y","i_neg","BN"
170.120919876001,172.727624425999,1324.1,1470.7,"AU-AWCL01-131031-120000.wav","AU-AWCL01-131031-120000.wav","y","i_neg","BN"
187.192996083,189.290344572,1310.4,1557.8,"AU-AWCL01-131031-120000.wav","AU-AWCL01-131031-120000.wav","y","i_neg","BN"
201.499518320001,203.177397111,1241.6,1530.3,"AU-AWCL01-131031-120000.wav","AU-AWCL01-131031-120000.wav","y","i_neg","BN"
211.117359247,212.915086523,1223.3,1576.1,"AU-AWCL01-131031-120000.wav","AU-AWCL01-131031-120000.wav","y","i_neg","BN"
237.988747236001,240.175982088,1328.7,1589.8,"AU-AWCL01-131031-120000.wav","AU-AWCL01-131031-120000.wav","y","i_neg","BN"
240.895072998001,243.052345730001,1250.8,1429.5,"AU-AWCL01-131031-120000.wav","AU-AWCL01-131031-120000.wav","y","i_neg","BN"
264.697889548999,266.225957733999,1186.6,1534.9,"AU-AWCL01-131031-120000.wav","AU-AWCL01-131031-120000.wav","y","i_neg","BN"
297.267103433,299.364451922,1415.7,1580.7,"AU-AWCL01-131031-120000.wav","AU-AWCL01-131031-120000.wav","y","i_neg","BN"
330.892472904001,333.289442605999,1347,1534.9,"AU-AWCL01-131031-120000.wav","AU-AWCL01-131031-120000.wav","y","i_neg","BN"
354.899134558,357.29610426,1310.4,1516.5,"AU-AWCL01-131031-120000.wav","AU-AWCL01-131031-120000.wav","y","i_neg","BN"
368.383344087,369.88145015,1347,1470.7,"AU-AWCL01-131031-120000.wav","AU-AWCL01-131031-120000.wav","y","i_neg","BN"
396.291662482001,398.628707940999,1314.9,1539.4,"AU-AWCL01-131031-120000.wav","AU-AWCL01-131031-120000.wav","y","i_neg","BN"
446.442927463,448.989707770999,1282.9,1544,"AU-AWCL01-131031-120000.wav","AU-AWCL01-131031-120000.wav","y","i_neg","BN"
474.705465296,477.222283482,1282.9,1530.3,"AU-AWCL01-131031-120000.wav","AU-AWCL01-131031-120000.wav","y","i_neg","BN"
516.686146512,519.382737426,1282.9,1594.4,"AU-AWCL01-131031-120000.wav","AU-AWCL01-131031-120000.wav","y","i_neg","BN"
547.941147149,549.289442605999,1260,1502.8,"AU-AWCL01-131031-120000.wav","AU-AWCL01-131031-120000.wav","y","i_neg","BN"
557.568291251,558.616965495001,1301.2,1438.6,"AU-AWCL01-131031-120000.wav","AU-AWCL01-131031-120000.wav","y","i_neg","BN"
579.948950139,582.465768325999,1246.2,1521.1,"AU-AWCL01-131031-120000.wav","AU-AWCL01-131031-120000.wav","y","i_neg","BN"
10.8176823859994,12.8850687539998,1195.8,1516.5,"AU-AWCL01-131031-121000.wav","AU-AWCL01-131031-121000.wav","y","i_neg","BN"
40.5106546970001,41.948836517,1209.6,1530.3,"AU-AWCL01-131031-121000.wav","AU-AWCL01-131031-121000.wav","y","i_neg","BN"
60.2856547320007,62.9223214039994,1314.9,1544,"AU-AWCL01-131031-121000.wav","AU-AWCL01-131031-121000.wav","y","i_neg","BN"
92.6530031780003,94.8102759089998,1314.9,1525.7,"AU-AWCL01-131031-121000.wav","AU-AWCL01-131031-121000.wav","y","i_neg","BN"
100.74277592,102.989935015001,1310.4,1553.2,"AU-AWCL01-131031-121000.wav","AU-AWCL01-131031-121000.wav","y","i_neg","BN"
119.607591549,121.884712765999,1342.4,1548.6,"AU-AWCL01-131031-121000.wav","AU-AWCL01-131031-121000.wav","y","i_neg","BN"
145.424556206,148.061222877999,1287.4,1553.2,"AU-AWCL01-131031-121000.wav","AU-AWCL01-131031-121000.wav","y","i_neg","BN"
173.704057364001,175.861330095,1223.3,1539.4,"AU-AWCL01-131031-121000.wav","AU-AWCL01-131031-121000.wav","y","i_neg","BN"
201.64175318,203.679177426,1172.9,1539.4,"AU-AWCL01-131031-121000.wav","AU-AWCL01-131031-121000.wav","y","i_neg","BN"
278.652662312001,280.120806254001,1319.5,1557.8,"AU-AWCL01-131031-121000.wav","AU-AWCL01-131031-121000.wav","y","i_neg","BN"
227.290460348,229.118149745,1301.2,1544,"AU-AWCL01-131031-121000.wav","AU-AWCL01-131031-121000.wav","y","i_neg","BN"
289.352853925,291.989520597001,1342.4,1553.2,"AU-AWCL01-131031-121000.wav","AU-AWCL01-131031-121000.wav","y","i_neg","BN"
300.383457709,301.761715287001,1282.9,1562.3,"AU-AWCL01-131031-121000.wav","AU-AWCL01-131031-121000.wav","y","i_neg","BN"
325.401828966,327.439253212,1305.8,1594.4,"AU-AWCL01-131031-121000.wav","AU-AWCL01-131031-121000.wav","y","i_neg","BN"
348.162603662,352.417224882,1292,1544,"AU-AWCL01-131031-121000.wav","AU-AWCL01-131031-121000.wav","y","i_neg","BN"
455.139859243,457.177283489,1269.1,1530.3,"AU-AWCL01-131031-121000.wav","AU-AWCL01-131031-121000.wav","y","i_neg","BN"
480.801901846,483.408606396,1314.9,1502.8,"AU-AWCL01-131031-121000.wav","AU-AWCL01-131031-121000.wav","y","i_neg","BN"
508.570578938999,510.368306214999,1314.9,1507.4,"AU-AWCL01-131031-121000.wav","AU-AWCL01-131031-121000.wav","y","i_neg","BN"
538.965716872,540.853330512,1282.9,1553.2,"AU-AWCL01-131031-121000.wav","AU-AWCL01-131031-121000.wav","y","i_neg","BN"
551.035162251999,553.701791044001,1237,1434.1,"AU-AWCL01-131031-121000.wav","AU-AWCL01-131031-121000.wav","y","i_neg","BN"
566.495616824999,569.012435011,1342.4,1539.4,"AU-AWCL01-131031-121000.wav","AU-AWCL01-131031-121000.wav","y","i_neg","BN"
596.689404018,599.745540387999,1292,1544,"AU-AWCL01-131031-121000.wav","AU-AWCL01-131031-121000.wav","y","i_neg","BN"
38.8024729190001,41.2893289839994,1324.1,1553.2,"AU-AWCL01-131031-160000.wav","AU-AWCL01-131031-160000.wav","y","i_neg","BN"
68.8327759059994,71.1997834859994,1333.3,1553.2,"AU-AWCL01-131031-160000.wav","AU-AWCL01-131031-160000.wav","y","i_neg","BN"
97.9986885689996,99.8563400870007,1333.3,1548.6,"AU-AWCL01-131031-160000.wav","AU-AWCL01-131031-160000.wav","y","i_neg","BN"
123.821525907,126.338344094,1342.4,1562.3,"AU-AWCL01-131031-160000.wav","AU-AWCL01-131031-160000.wav","y","i_neg","BN"
280.225844111999,283.821298663999,1260,1484.5,"AU-AWCL01-131031-160000.wav","AU-AWCL01-131031-160000.wav","y","i_neg","BN"
336.562889569999,338.690200180001,1301.2,1466.1,"AU-AWCL01-131031-160000.wav","AU-AWCL01-131031-160000.wav","y","i_neg","BN"
369.349707714,370.847813777,1324.1,1447.8,"AU-AWCL01-131031-160000.wav","AU-AWCL01-131031-160000.wav","y","i_neg","BN"
424.248596697,426.224204611,1328.7,1470.7,"AU-AWCL01-131031-160000.wav","AU-AWCL01-131031-160000.wav","y","i_neg","BN"
594.432797056,596.512002861,1236.4,1537.7,"AU-AWCL01-131031-070000.wav","AU-AWCL01-131031-070000.wav","y","i_neg","BN"
